Stock_1,Stock_2,Correlation
V.csv,MA.csv,0.8783217410228964
HUM.csv,CI.csv,0.8553733998640344
MSFT.csv,NVDA.csv,0.9463950710081377
MSFT.csv,IYW.csv,0.9168804027885957
MSFT.csv,SPY.csv,0.922621023726702
MSFT.csv,GOOGL.csv,0.9138365586415879
MSFT.csv,GOOG.csv,0.8996830847193303
MSFT.csv,VGT.csv,0.9287338856196674
NVDA.csv,IYW.csv,0.8821378675264808
NVDA.csv,SPY.csv,0.9122070256833685
NVDA.csv,GOOGL.csv,0.8623346353265748
NVDA.csv,GOOG.csv,0.8491471594944308
NVDA.csv,VGT.csv,0.8990878452448965
IYW.csv,SPY.csv,0.9586423407128337
IYW.csv,GOOGL.csv,0.9668632863892416
IYW.csv,GOOG.csv,0.9694698260691794
IYW.csv,VGT.csv,0.993522299999565
IYW.csv,CRM.csv,0.9066139410971065
CVS.csv,CNC.csv,0.8260536430401131
SPY.csv,GOOGL.csv,0.9163281764473972
SPY.csv,GOOG.csv,0.9127149455189624
SPY.csv,VGT.csv,0.9769227260858522
GOOGL.csv,GOOG.csv,0.9976597705528355
GOOGL.csv,VGT.csv,0.9477728214259812
GOOGL.csv,CRM.csv,0.8681350862620733
GOOG.csv,VGT.csv,0.9483111767224905
GOOG.csv,CRM.csv,0.8824246127367995
VGT.csv,CRM.csv,0.8747413442329796
